INSERT INTO vehiculos (matricula, marca, modelo, descripcion, anoFabricacion, paisOrigen, color)
VALUES ('ATR-345', 'Ford', 'Model T', 'Coche de época', 1920, 'Estados Unidos', 'Negro');

INSERT INTO vehiculos (matricula, marca, modelo, descripcion, anoFabricacion, paisOrigen, color)
VALUES ('JKL-987', 'Chevrolet', 'Bel Air', 'Coche clásico', 1957, 'Estados Unidos', 'Rojo y blanco');

INSERT INTO vehiculos (matricula, marca, modelo, descripcion, anoFabricacion, paisOrigen, color)
VALUES ('QWE-543', 'Volkswagen', 'Beetle', 'Coche compacto icónico', 1962, 'Alemania', 'Azul claro');

INSERT INTO vehiculos (matricula, marca, modelo, descripcion, anoFabricacion, paisOrigen, color)
VALUES ('BVC-901', 'Cadillac', 'Series 62', 'Coche de lujo clásico', 1949, 'Estados Unidos', 'Verde pastel');

INSERT INTO vehiculos (matricula, marca, modelo, descripcion, anoFabricacion, paisOrigen, color)
VALUES ('DFG-765', 'Mercedes-Benz', '300SL', 'Coche deportivo clásico', 1955, 'Alemania', 'Plata');

INSERT INTO vehiculos (matricula, marca, modelo, descripcion, anoFabricacion, paisOrigen, color)
VALUES ('ZXC-321', 'Porsche', '356', 'Coche deportivo clásico', 1959, 'Alemania', 'Rojo brillante');

INSERT INTO vehiculos (matricula, marca, modelo, descripcion, anoFabricacion, paisOrigen, color)
VALUES ('HGF-234', 'Studebaker', 'Champion', 'Coche clásico de gama media', 1950, 'Estados Unidos', 'Azul y blanco');

INSERT INTO vehiculos (matricula, marca, modelo, descripcion, anoFabricacion, paisOrigen, color)
VALUES ('YTR-789', 'Triumph', 'TR3', 'Coche deportivo clásico', 1957, 'Reino Unido', 'Rojo oscuro');

INSERT INTO vehiculos (matricula, marca, modelo, descripcion, anoFabricacion, paisOrigen, color)
VALUES ('QAZ-678', 'Jaguar', 'XK120', 'Coche deportivo clásico', 1952, 'Reino Unido', 'Verde oscuro');

INSERT INTO vehiculos (matricula, marca, modelo, descripcion, anoFabricacion, paisOrigen, color)
VALUES ('MNB-456', 'Chevrolet', 'Corvette', 'Coche deportivo clásico', 1963, 'Estados Unidos', 'Plata');

INSERT INTO vehiculos (matricula, marca, modelo, descripcion, anoFabricacion, paisOrigen, color)
VALUES ('VBN-987', 'Ford', 'Mustang', 'Coche deportivo clásico', 1965, 'Estados Unidos', 'Rojo cereza');

INSERT INTO vehiculos (matricula, marca, modelo, descripcion, anoFabricacion, paisOrigen, color)
VALUES ('KJH-876', 'Rolls-Royce', 'Silver Cloud', 'Coche de lujo clásico', 1963, 'Estados Unidos', 'Plata');

INSERT INTO fotosVehiculos (matricula, encode) VALUES ('ATR-345', '/9j/4AAQSkZJRgABAQAAAQABAAD/4gHYSUNDX1BST0ZJTEUAAQEAAAHIAAAAAAQwAABtbnRyUkdCIFhZWiAH4AABAAEAAAAAAABhY3NwAAAAAAAAAAAAAAAAAAAAAAAAAAAAAAAAAAAAAQAA9tYAAQAAAADTLQAAAAAAAAAAAAAAAAAAAAAAAAAAAAAAAAAAAAAAAAAAAAAAAAAAAAAAAAAAAAAAAAAAAAlkZXNjAAAA8AAAACRyWFlaAAABFAAAABRnWFlaAAABKAAAABRiWFlaAAABPAAAABR3dHB0AAABUAAAABRyVFJDAAABZAAAAChnVFJDAAABZAAAAChiVFJDAAABZAAAAChjcHJ0AAABjAAAADxtbHVjAAAAAAAAAAEAAAAMZW5VUwAAAAgAAAAcAHMAUgBHAEJYWVogAAAAAAAAb6IAADj1AAADkFhZWiAAAAAAAABimQAAt4UAABjaWFlaIAAAAAAAACSgAAAPhAAAts9YWVogAAAAAAAA9tYAAQAAAADTLXBhcmEAAAAAAAQAAAACZmYAAPKnAAANWQAAE9AAAApbAAAAAAAAAABtbHVjAAAAAAAAAAEAAAAMZW5VUwAAACAAAAAcAEcAbwBvAGcAbABlACAASQBuAGMALgAgADIAMAAxADb/2wBDAAMCAgICAgMCAgIDAwMDBAYEBAQEBAgGBgUGCQgKCgkICQkKDA8MCgsOCwkJDRENDg8QEBEQCgwSExIQEw8QEBD/2wBDAQMDAwQDBAgEBAgQCwkLEBAQEBAQEBAQEBAQEBAQEBAQEBAQEBAQEBAQEBAQEBAQEBAQEBAQEBAQEBAQEBAQEBD/wAARCAAKAAoDASIAAhEBAxEB/8QAFwAAAwEAAAAAAAAAAAAAAAAAAAQGB//EAB4QAAMBAAEFAQAAAAAAAAAAAAECAwQFAAYHESEm/8QAFQEBAQAAAAAAAAAAAAAAAAAABwj/xAAnEQABAQQJBQAAAAAAAAAAAAABAhESIVEDBAUGIjEzUmFicYGx8P/aAAwDAQACEQMRAD8Aa/U8h3S6rTujTl089WLNG/PPOs257Zlui3y6kzZFz5ZScB09EHrZvFmzXyHjHtDfv1W06tPA8fa97OXpWjZ0LOzH6zEkkk/ST0bPFnjHkNd9+/xz2vp1aaNa97cRnelaMfbOzFPbMSSST9JPVFjx5OPyQwYMsc2XNNYwhFAk5TUelRVHxVAAAA+ADqMb3wqFErcoEdIdOEcRHkSdCR+1tBJmW9oZfemAf//Z');
INSERT INTO fotosVehiculos (matricula, encode) VALUES ('JKL-987', '/9j/4AAQSkZJRgABAQAAAQABAAD/4gHYSUNDX1BST0ZJTEUAAQEAAAHIAAAAAAQwAABtbnRyUkdCIFhZWiAH4AABAAEAAAAAAABhY3NwAAAAAAAAAAAAAAAAAAAAAAAAAAAAAAAAAAAAAQAA9tYAAQAAAADTLQAAAAAAAAAAAAAAAAAAAAAAAAAAAAAAAAAAAAAAAAAAAAAAAAAAAAAAAAAAAAAAAAAAAAlkZXNjAAAA8AAAACRyWFlaAAABFAAAABRnWFlaAAABKAAAABRiWFlaAAABPAAAABR3dHB0AAABUAAAABRyVFJDAAABZAAAAChnVFJDAAABZAAAAChiVFJDAAABZAAAAChjcHJ0AAABjAAAADxtbHVjAAAAAAAAAAEAAAAMZW5VUwAAAAgAAAAcAHMAUgBHAEJYWVogAAAAAAAAb6IAADj1AAADkFhZWiAAAAAAAABimQAAt4UAABjaWFlaIAAAAAAAACSgAAAPhAAAts9YWVogAAAAAAAA9tYAAQAAAADTLXBhcmEAAAAAAAQAAAACZmYAAPKnAAANWQAAE9AAAApbAAAAAAAAAABtbHVjAAAAAAAAAAEAAAAMZW5VUwAAACAAAAAcAEcAbwBvAGcAbABlACAASQBuAGMALgAgADIAMAAxADb/2wBDAAMCAgICAgMCAgIDAwMDBAYEBAQEBAgGBgUGCQgKCgkICQkKDA8MCgsOCwkJDRENDg8QEBEQCgwSExIQEw8QEBD/2wBDAQMDAwQDBAgEBAgQCwkLEBAQEBAQEBAQEBAQEBAQEBAQEBAQEBAQEBAQEBAQEBAQEBAQEBAQEBAQEBAQEBAQEBD/wAARCAAKAAoDASIAAhEBAxEB/8QAFwAAAwEAAAAAAAAAAAAAAAAAAAQGB//EAB4QAAMBAAEFAQAAAAAAAAAAAAECAwQFAAYHESEm/8QAFQEBAQAAAAAAAAAAAAAAAAAABwj/xAAnEQABAQQJBQAAAAAAAAAAAAABAhESIVEDBAUGIjEzUmFicYGx8P/aAAwDAQACEQMRAD8Aa/U8h3S6rTujTl089WLNG/PPOs257Zlui3y6kzZFz5ZScB09EHrZvFmzXyHjHtDfv1W06tPA8fa97OXpWjZ0LOzH6zEkkk/ST0bPFnjHkNd9+/xz2vp1aaNa97cRnelaMfbOzFPbMSSST9JPVFjx5OPyQwYMsc2XNNYwhFAk5TUelRVHxVAAAA+ADqMb3wqFErcoEdIdOEcRHkSdCR+1tBJmW9oZfemAf//Z');
INSERT INTO fotosVehiculos (matricula, encode) VALUES ('QWE-543', '/9j/4AAQSkZJRgABAQAAAQABAAD/4gHYSUNDX1BST0ZJTEUAAQEAAAHIAAAAAAQwAABtbnRyUkdCIFhZWiAH4AABAAEAAAAAAABhY3NwAAAAAAAAAAAAAAAAAAAAAAAAAAAAAAAAAAAAAQAA9tYAAQAAAADTLQAAAAAAAAAAAAAAAAAAAAAAAAAAAAAAAAAAAAAAAAAAAAAAAAAAAAAAAAAAAAAAAAAAAAlkZXNjAAAA8AAAACRyWFlaAAABFAAAABRnWFlaAAABKAAAABRiWFlaAAABPAAAABR3dHB0AAABUAAAABRyVFJDAAABZAAAAChnVFJDAAABZAAAAChiVFJDAAABZAAAAChjcHJ0AAABjAAAADxtbHVjAAAAAAAAAAEAAAAMZW5VUwAAAAgAAAAcAHMAUgBHAEJYWVogAAAAAAAAb6IAADj1AAADkFhZWiAAAAAAAABimQAAt4UAABjaWFlaIAAAAAAAACSgAAAPhAAAts9YWVogAAAAAAAA9tYAAQAAAADTLXBhcmEAAAAAAAQAAAACZmYAAPKnAAANWQAAE9AAAApbAAAAAAAAAABtbHVjAAAAAAAAAAEAAAAMZW5VUwAAACAAAAAcAEcAbwBvAGcAbABlACAASQBuAGMALgAgADIAMAAxADb/2wBDAAMCAgICAgMCAgIDAwMDBAYEBAQEBAgGBgUGCQgKCgkICQkKDA8MCgsOCwkJDRENDg8QEBEQCgwSExIQEw8QEBD/2wBDAQMDAwQDBAgEBAgQCwkLEBAQEBAQEBAQEBAQEBAQEBAQEBAQEBAQEBAQEBAQEBAQEBAQEBAQEBAQEBAQEBAQEBD/wAARCAAKAAoDASIAAhEBAxEB/8QAFwAAAwEAAAAAAAAAAAAAAAAAAAQGB//EAB4QAAMBAAEFAQAAAAAAAAAAAAECAwQFAAYHESEm/8QAFQEBAQAAAAAAAAAAAAAAAAAABwj/xAAnEQABAQQJBQAAAAAAAAAAAAABAhESIVEDBAUGIjEzUmFicYGx8P/aAAwDAQACEQMRAD8Aa/U8h3S6rTujTl089WLNG/PPOs257Zlui3y6kzZFz5ZScB09EHrZvFmzXyHjHtDfv1W06tPA8fa97OXpWjZ0LOzH6zEkkk/ST0bPFnjHkNd9+/xz2vp1aaNa97cRnelaMfbOzFPbMSSST9JPVFjx5OPyQwYMsc2XNNYwhFAk5TUelRVHxVAAAA+ADqMb3wqFErcoEdIdOEcRHkSdCR+1tBJmW9oZfemAf//Z');
INSERT INTO fotosVehiculos (matricula, encode) VALUES ('BVC-901', '/9j/4AAQSkZJRgABAQAAAQABAAD/4gHYSUNDX1BST0ZJTEUAAQEAAAHIAAAAAAQwAABtbnRyUkdCIFhZWiAH4AABAAEAAAAAAABhY3NwAAAAAAAAAAAAAAAAAAAAAAAAAAAAAAAAAAAAAQAA9tYAAQAAAADTLQAAAAAAAAAAAAAAAAAAAAAAAAAAAAAAAAAAAAAAAAAAAAAAAAAAAAAAAAAAAAAAAAAAAAlkZXNjAAAA8AAAACRyWFlaAAABFAAAABRnWFlaAAABKAAAABRiWFlaAAABPAAAABR3dHB0AAABUAAAABRyVFJDAAABZAAAAChnVFJDAAABZAAAAChiVFJDAAABZAAAAChjcHJ0AAABjAAAADxtbHVjAAAAAAAAAAEAAAAMZW5VUwAAAAgAAAAcAHMAUgBHAEJYWVogAAAAAAAAb6IAADj1AAADkFhZWiAAAAAAAABimQAAt4UAABjaWFlaIAAAAAAAACSgAAAPhAAAts9YWVogAAAAAAAA9tYAAQAAAADTLXBhcmEAAAAAAAQAAAACZmYAAPKnAAANWQAAE9AAAApbAAAAAAAAAABtbHVjAAAAAAAAAAEAAAAMZW5VUwAAACAAAAAcAEcAbwBvAGcAbABlACAASQBuAGMALgAgADIAMAAxADb/2wBDAAMCAgICAgMCAgIDAwMDBAYEBAQEBAgGBgUGCQgKCgkICQkKDA8MCgsOCwkJDRENDg8QEBEQCgwSExIQEw8QEBD/2wBDAQMDAwQDBAgEBAgQCwkLEBAQEBAQEBAQEBAQEBAQEBAQEBAQEBAQEBAQEBAQEBAQEBAQEBAQEBAQEBAQEBAQEBD/wAARCAAKAAoDASIAAhEBAxEB/8QAFwAAAwEAAAAAAAAAAAAAAAAAAAQGB//EAB4QAAMBAAEFAQAAAAAAAAAAAAECAwQFAAYHESEm/8QAFQEBAQAAAAAAAAAAAAAAAAAABwj/xAAnEQABAQQJBQAAAAAAAAAAAAABAhESIVEDBAUGIjEzUmFicYGx8P/aAAwDAQACEQMRAD8Aa/U8h3S6rTujTl089WLNG/PPOs257Zlui3y6kzZFz5ZScB09EHrZvFmzXyHjHtDfv1W06tPA8fa97OXpWjZ0LOzH6zEkkk/ST0bPFnjHkNd9+/xz2vp1aaNa97cRnelaMfbOzFPbMSSST9JPVFjx5OPyQwYMsc2XNNYwhFAk5TUelRVHxVAAAA+ADqMb3wqFErcoEdIdOEcRHkSdCR+1tBJmW9oZfemAf//Z');
INSERT INTO fotosVehiculos (matricula, encode) VALUES ('DFG-765', '/9j/4AAQSkZJRgABAQAAAQABAAD/4gHYSUNDX1BST0ZJTEUAAQEAAAHIAAAAAAQwAABtbnRyUkdCIFhZWiAH4AABAAEAAAAAAABhY3NwAAAAAAAAAAAAAAAAAAAAAAAAAAAAAAAAAAAAAQAA9tYAAQAAAADTLQAAAAAAAAAAAAAAAAAAAAAAAAAAAAAAAAAAAAAAAAAAAAAAAAAAAAAAAAAAAAAAAAAAAAlkZXNjAAAA8AAAACRyWFlaAAABFAAAABRnWFlaAAABKAAAABRiWFlaAAABPAAAABR3dHB0AAABUAAAABRyVFJDAAABZAAAAChnVFJDAAABZAAAAChiVFJDAAABZAAAAChjcHJ0AAABjAAAADxtbHVjAAAAAAAAAAEAAAAMZW5VUwAAAAgAAAAcAHMAUgBHAEJYWVogAAAAAAAAb6IAADj1AAADkFhZWiAAAAAAAABimQAAt4UAABjaWFlaIAAAAAAAACSgAAAPhAAAts9YWVogAAAAAAAA9tYAAQAAAADTLXBhcmEAAAAAAAQAAAACZmYAAPKnAAANWQAAE9AAAApbAAAAAAAAAABtbHVjAAAAAAAAAAEAAAAMZW5VUwAAACAAAAAcAEcAbwBvAGcAbABlACAASQBuAGMALgAgADIAMAAxADb/2wBDAAMCAgICAgMCAgIDAwMDBAYEBAQEBAgGBgUGCQgKCgkICQkKDA8MCgsOCwkJDRENDg8QEBEQCgwSExIQEw8QEBD/2wBDAQMDAwQDBAgEBAgQCwkLEBAQEBAQEBAQEBAQEBAQEBAQEBAQEBAQEBAQEBAQEBAQEBAQEBAQEBAQEBAQEBAQEBD/wAARCAAKAAoDASIAAhEBAxEB/8QAFwAAAwEAAAAAAAAAAAAAAAAAAAQGB//EAB4QAAMBAAEFAQAAAAAAAAAAAAECAwQFAAYHESEm/8QAFQEBAQAAAAAAAAAAAAAAAAAABwj/xAAnEQABAQQJBQAAAAAAAAAAAAABAhESIVEDBAUGIjEzUmFicYGx8P/aAAwDAQACEQMRAD8Aa/U8h3S6rTujTl089WLNG/PPOs257Zlui3y6kzZFz5ZScB09EHrZvFmzXyHjHtDfv1W06tPA8fa97OXpWjZ0LOzH6zEkkk/ST0bPFnjHkNd9+/xz2vp1aaNa97cRnelaMfbOzFPbMSSST9JPVFjx5OPyQwYMsc2XNNYwhFAk5TUelRVHxVAAAA+ADqMb3wqFErcoEdIdOEcRHkSdCR+1tBJmW9oZfemAf//Z');
INSERT INTO fotosVehiculos (matricula, encode) VALUES ('ZXC-321', '/9j/4AAQSkZJRgABAQAAAQABAAD/4gHYSUNDX1BST0ZJTEUAAQEAAAHIAAAAAAQwAABtbnRyUkdCIFhZWiAH4AABAAEAAAAAAABhY3NwAAAAAAAAAAAAAAAAAAAAAAAAAAAAAAAAAAAAAQAA9tYAAQAAAADTLQAAAAAAAAAAAAAAAAAAAAAAAAAAAAAAAAAAAAAAAAAAAAAAAAAAAAAAAAAAAAAAAAAAAAlkZXNjAAAA8AAAACRyWFlaAAABFAAAABRnWFlaAAABKAAAABRiWFlaAAABPAAAABR3dHB0AAABUAAAABRyVFJDAAABZAAAAChnVFJDAAABZAAAAChiVFJDAAABZAAAAChjcHJ0AAABjAAAADxtbHVjAAAAAAAAAAEAAAAMZW5VUwAAAAgAAAAcAHMAUgBHAEJYWVogAAAAAAAAb6IAADj1AAADkFhZWiAAAAAAAABimQAAt4UAABjaWFlaIAAAAAAAACSgAAAPhAAAts9YWVogAAAAAAAA9tYAAQAAAADTLXBhcmEAAAAAAAQAAAACZmYAAPKnAAANWQAAE9AAAApbAAAAAAAAAABtbHVjAAAAAAAAAAEAAAAMZW5VUwAAACAAAAAcAEcAbwBvAGcAbABlACAASQBuAGMALgAgADIAMAAxADb/2wBDAAMCAgICAgMCAgIDAwMDBAYEBAQEBAgGBgUGCQgKCgkICQkKDA8MCgsOCwkJDRENDg8QEBEQCgwSExIQEw8QEBD/2wBDAQMDAwQDBAgEBAgQCwkLEBAQEBAQEBAQEBAQEBAQEBAQEBAQEBAQEBAQEBAQEBAQEBAQEBAQEBAQEBAQEBAQEBD/wAARCAAKAAoDASIAAhEBAxEB/8QAFwAAAwEAAAAAAAAAAAAAAAAAAAQGB//EAB4QAAMBAAEFAQAAAAAAAAAAAAECAwQFAAYHESEm/8QAFQEBAQAAAAAAAAAAAAAAAAAABwj/xAAnEQABAQQJBQAAAAAAAAAAAAABAhESIVEDBAUGIjEzUmFicYGx8P/aAAwDAQACEQMRAD8Aa/U8h3S6rTujTl089WLNG/PPOs257Zlui3y6kzZFz5ZScB09EHrZvFmzXyHjHtDfv1W06tPA8fa97OXpWjZ0LOzH6zEkkk/ST0bPFnjHkNd9+/xz2vp1aaNa97cRnelaMfbOzFPbMSSST9JPVFjx5OPyQwYMsc2XNNYwhFAk5TUelRVHxVAAAA+ADqMb3wqFErcoEdIdOEcRHkSdCR+1tBJmW9oZfemAf//Z');
INSERT INTO fotosVehiculos (matricula, encode) VALUES ('HGF-234', '/9j/4AAQSkZJRgABAQAAAQABAAD/4gHYSUNDX1BST0ZJTEUAAQEAAAHIAAAAAAQwAABtbnRyUkdCIFhZWiAH4AABAAEAAAAAAABhY3NwAAAAAAAAAAAAAAAAAAAAAAAAAAAAAAAAAAAAAQAA9tYAAQAAAADTLQAAAAAAAAAAAAAAAAAAAAAAAAAAAAAAAAAAAAAAAAAAAAAAAAAAAAAAAAAAAAAAAAAAAAlkZXNjAAAA8AAAACRyWFlaAAABFAAAABRnWFlaAAABKAAAABRiWFlaAAABPAAAABR3dHB0AAABUAAAABRyVFJDAAABZAAAAChnVFJDAAABZAAAAChiVFJDAAABZAAAAChjcHJ0AAABjAAAADxtbHVjAAAAAAAAAAEAAAAMZW5VUwAAAAgAAAAcAHMAUgBHAEJYWVogAAAAAAAAb6IAADj1AAADkFhZWiAAAAAAAABimQAAt4UAABjaWFlaIAAAAAAAACSgAAAPhAAAts9YWVogAAAAAAAA9tYAAQAAAADTLXBhcmEAAAAAAAQAAAACZmYAAPKnAAANWQAAE9AAAApbAAAAAAAAAABtbHVjAAAAAAAAAAEAAAAMZW5VUwAAACAAAAAcAEcAbwBvAGcAbABlACAASQBuAGMALgAgADIAMAAxADb/2wBDAAMCAgICAgMCAgIDAwMDBAYEBAQEBAgGBgUGCQgKCgkICQkKDA8MCgsOCwkJDRENDg8QEBEQCgwSExIQEw8QEBD/2wBDAQMDAwQDBAgEBAgQCwkLEBAQEBAQEBAQEBAQEBAQEBAQEBAQEBAQEBAQEBAQEBAQEBAQEBAQEBAQEBAQEBAQEBD/wAARCAAKAAoDASIAAhEBAxEB/8QAFwAAAwEAAAAAAAAAAAAAAAAAAAQGB//EAB4QAAMBAAEFAQAAAAAAAAAAAAECAwQFAAYHESEm/8QAFQEBAQAAAAAAAAAAAAAAAAAABwj/xAAnEQABAQQJBQAAAAAAAAAAAAABAhESIVEDBAUGIjEzUmFicYGx8P/aAAwDAQACEQMRAD8Aa/U8h3S6rTujTl089WLNG/PPOs257Zlui3y6kzZFz5ZScB09EHrZvFmzXyHjHtDfv1W06tPA8fa97OXpWjZ0LOzH6zEkkk/ST0bPFnjHkNd9+/xz2vp1aaNa97cRnelaMfbOzFPbMSSST9JPVFjx5OPyQwYMsc2XNNYwhFAk5TUelRVHxVAAAA+ADqMb3wqFErcoEdIdOEcRHkSdCR+1tBJmW9oZfemAf//Z');
INSERT INTO fotosVehiculos (matricula, encode) VALUES ('YTR-789', '/9j/4AAQSkZJRgABAQAAAQABAAD/4gHYSUNDX1BST0ZJTEUAAQEAAAHIAAAAAAQwAABtbnRyUkdCIFhZWiAH4AABAAEAAAAAAABhY3NwAAAAAAAAAAAAAAAAAAAAAAAAAAAAAAAAAAAAAQAA9tYAAQAAAADTLQAAAAAAAAAAAAAAAAAAAAAAAAAAAAAAAAAAAAAAAAAAAAAAAAAAAAAAAAAAAAAAAAAAAAlkZXNjAAAA8AAAACRyWFlaAAABFAAAABRnWFlaAAABKAAAABRiWFlaAAABPAAAABR3dHB0AAABUAAAABRyVFJDAAABZAAAAChnVFJDAAABZAAAAChiVFJDAAABZAAAAChjcHJ0AAABjAAAADxtbHVjAAAAAAAAAAEAAAAMZW5VUwAAAAgAAAAcAHMAUgBHAEJYWVogAAAAAAAAb6IAADj1AAADkFhZWiAAAAAAAABimQAAt4UAABjaWFlaIAAAAAAAACSgAAAPhAAAts9YWVogAAAAAAAA9tYAAQAAAADTLXBhcmEAAAAAAAQAAAACZmYAAPKnAAANWQAAE9AAAApbAAAAAAAAAABtbHVjAAAAAAAAAAEAAAAMZW5VUwAAACAAAAAcAEcAbwBvAGcAbABlACAASQBuAGMALgAgADIAMAAxADb/2wBDAAMCAgICAgMCAgIDAwMDBAYEBAQEBAgGBgUGCQgKCgkICQkKDA8MCgsOCwkJDRENDg8QEBEQCgwSExIQEw8QEBD/2wBDAQMDAwQDBAgEBAgQCwkLEBAQEBAQEBAQEBAQEBAQEBAQEBAQEBAQEBAQEBAQEBAQEBAQEBAQEBAQEBAQEBAQEBD/wAARCAAKAAoDASIAAhEBAxEB/8QAFwAAAwEAAAAAAAAAAAAAAAAAAAQGB//EAB4QAAMBAAEFAQAAAAAAAAAAAAECAwQFAAYHESEm/8QAFQEBAQAAAAAAAAAAAAAAAAAABwj/xAAnEQABAQQJBQAAAAAAAAAAAAABAhESIVEDBAUGIjEzUmFicYGx8P/aAAwDAQACEQMRAD8Aa/U8h3S6rTujTl089WLNG/PPOs257Zlui3y6kzZFz5ZScB09EHrZvFmzXyHjHtDfv1W06tPA8fa97OXpWjZ0LOzH6zEkkk/ST0bPFnjHkNd9+/xz2vp1aaNa97cRnelaMfbOzFPbMSSST9JPVFjx5OPyQwYMsc2XNNYwhFAk5TUelRVHxVAAAA+ADqMb3wqFErcoEdIdOEcRHkSdCR+1tBJmW9oZfemAf//Z');
INSERT INTO fotosVehiculos (matricula, encode) VALUES ('QAZ-678', '/9j/4AAQSkZJRgABAQAAAQABAAD/4gHYSUNDX1BST0ZJTEUAAQEAAAHIAAAAAAQwAABtbnRyUkdCIFhZWiAH4AABAAEAAAAAAABhY3NwAAAAAAAAAAAAAAAAAAAAAAAAAAAAAAAAAAAAAQAA9tYAAQAAAADTLQAAAAAAAAAAAAAAAAAAAAAAAAAAAAAAAAAAAAAAAAAAAAAAAAAAAAAAAAAAAAAAAAAAAAlkZXNjAAAA8AAAACRyWFlaAAABFAAAABRnWFlaAAABKAAAABRiWFlaAAABPAAAABR3dHB0AAABUAAAABRyVFJDAAABZAAAAChnVFJDAAABZAAAAChiVFJDAAABZAAAAChjcHJ0AAABjAAAADxtbHVjAAAAAAAAAAEAAAAMZW5VUwAAAAgAAAAcAHMAUgBHAEJYWVogAAAAAAAAb6IAADj1AAADkFhZWiAAAAAAAABimQAAt4UAABjaWFlaIAAAAAAAACSgAAAPhAAAts9YWVogAAAAAAAA9tYAAQAAAADTLXBhcmEAAAAAAAQAAAACZmYAAPKnAAANWQAAE9AAAApbAAAAAAAAAABtbHVjAAAAAAAAAAEAAAAMZW5VUwAAACAAAAAcAEcAbwBvAGcAbABlACAASQBuAGMALgAgADIAMAAxADb/2wBDAAMCAgICAgMCAgIDAwMDBAYEBAQEBAgGBgUGCQgKCgkICQkKDA8MCgsOCwkJDRENDg8QEBEQCgwSExIQEw8QEBD/2wBDAQMDAwQDBAgEBAgQCwkLEBAQEBAQEBAQEBAQEBAQEBAQEBAQEBAQEBAQEBAQEBAQEBAQEBAQEBAQEBAQEBAQEBD/wAARCAAKAAoDASIAAhEBAxEB/8QAFwAAAwEAAAAAAAAAAAAAAAAAAAQGB//EAB4QAAMBAAEFAQAAAAAAAAAAAAECAwQFAAYHESEm/8QAFQEBAQAAAAAAAAAAAAAAAAAABwj/xAAnEQABAQQJBQAAAAAAAAAAAAABAhESIVEDBAUGIjEzUmFicYGx8P/aAAwDAQACEQMRAD8Aa/U8h3S6rTujTl089WLNG/PPOs257Zlui3y6kzZFz5ZScB09EHrZvFmzXyHjHtDfv1W06tPA8fa97OXpWjZ0LOzH6zEkkk/ST0bPFnjHkNd9+/xz2vp1aaNa97cRnelaMfbOzFPbMSSST9JPVFjx5OPyQwYMsc2XNNYwhFAk5TUelRVHxVAAAA+ADqMb3wqFErcoEdIdOEcRHkSdCR+1tBJmW9oZfemAf//Z');

INSERT INTO estadoVehiculo (estado, fechaActualizacion, funcResponsable, matricula) VALUES (true, '2023-05-11', '12345678', 'ATR-345');
INSERT INTO estadoVehiculo (estado, fechaActualizacion, funcResponsable, matricula) VALUES (true, '2023-02-11', '12345678', 'JKL-987');
INSERT INTO estadoVehiculo (estado, fechaActualizacion, funcResponsable, matricula) VALUES (false, '2023-05-4', '38434322', 'QWE-543');
INSERT INTO estadoVehiculo (estado, fechaActualizacion, funcResponsable, matricula) VALUES (true, '2023-04-21', '38434322', 'BVC-901');
INSERT INTO estadoVehiculo (estado, fechaActualizacion, funcResponsable, matricula) VALUES (false, '2023-02-15', '12345678', 'DFG-765');
INSERT INTO estadoVehiculo (estado, fechaActualizacion, funcResponsable, matricula) VALUES (true, '2023-03-11', '12345678', 'ZXC-321');
INSERT INTO estadoVehiculo (estado, fechaActualizacion, funcResponsable, matricula) VALUES (true, '2023-01-4', '38434322', 'HGF-234');
INSERT INTO estadoVehiculo (estado, fechaActualizacion, funcResponsable, matricula) VALUES (false, '2023-02-11', '12345678', 'YTR-789');
INSERT INTO estadoVehiculo (estado, fechaActualizacion, funcResponsable, matricula) VALUES (true, '2023-03-21', '12345678', 'QAZ-678');
INSERT INTO estadoVehiculo (estado, fechaActualizacion, funcResponsable, matricula) VALUES (true, '2023-02-28', '38434322', 'MNB-456');
INSERT INTO estadoVehiculo (estado, fechaActualizacion, funcResponsable, matricula) VALUES (false, '2023-02-21', '38434322', 'VBN-987');
INSERT INTO estadoVehiculo (estado, fechaActualizacion, funcResponsable, matricula) VALUES (true, '2023-01-11', '12345678', 'KJH-876');

INSERT INTO articulo (nombre, descripcion, valorVenta) VALUES ('Camiseta', 'Camiseta de algodón de manga corta', 500);
INSERT INTO articulo (nombre, descripcion, valorVenta) VALUES ('Pantalón', 'Pantalón de mezclilla estilo vaquero', 400);
INSERT INTO articulo (nombre, descripcion, valorVenta) VALUES ('Sandalias', 'Sandalias Hawaianas', 200);
INSERT INTO articulo (nombre, descripcion, valorVenta) VALUES ('Ticket', 'Ticket de entrada', 350);
INSERT INTO articulo (nombre, descripcion, valorVenta) VALUES ('Reloj', 'Reloj analógico velocimetro', 950);
INSERT INTO articulo (nombre, descripcion, valorVenta) VALUES ('Sticker', 'Sticker de regalo', 0);
INSERT INTO articulo (nombre, descripcion, valorVenta) VALUES ('Gorra', 'Gorra de béisbol con auto bordado', 180);
INSERT INTO articulo (nombre, descripcion, valorVenta) VALUES ('Gafas de sol', 'Gafas de sol con montura de acetato', 450);

INSERT INTO stock (stock, IDarticulo) VALUES (50, 1);
INSERT INTO stock (Stock, IDarticulo) VALUES (60, 2);
INSERT INTO stock (Stock, IDarticulo) VALUES (20, 3);
INSERT INTO stock (Stock, IDarticulo) VALUES (500, 4);
INSERT INTO stock (Stock, IDarticulo) VALUES (30, 5);
INSERT INTO stock (Stock, IDarticulo) VALUES (500, 6);
INSERT INTO stock (Stock, IDarticulo) VALUES (55, 7);
INSERT INTO stock (Stock, IDarticulo) VALUES (35, 8);

INSERT INTO reposicion (fecha, cantidad, costo, idarticulo)  VALUES ( '2023-03-10', 50, 12000, 1);
INSERT INTO reposicion (fecha, cantidad, costo, idarticulo)  VALUES ( '2023-03-11', 30, 6000, 2);
INSERT INTO reposicion (fecha, cantidad, costo, idarticulo)  VALUES ( '2023-03-12', 30, 6000, 2);
INSERT INTO reposicion (fecha, cantidad, costo, idarticulo)  VALUES ( '2023-03-09', 20, 2000, 3);
INSERT INTO reposicion (fecha, cantidad, costo, idarticulo)  VALUES ( '2023-03-08', 500, 5000, 4);
INSERT INTO reposicion (fecha, cantidad, costo, idarticulo)  VALUES ( '2023-03-07', 30, 14000, 5);
INSERT INTO reposicion (fecha, cantidad, costo, idarticulo)  VALUES ( '2023-03-06', 500, 6000, 6);
INSERT INTO reposicion (fecha, cantidad, costo, idarticulo)  VALUES ( '2023-03-05', 55, 4900, 7);
INSERT INTO reposicion (fecha, cantidad, costo, idarticulo)  VALUES ( '2023-03-04', 35, 7800, 8);

INSERT INTO venta (fecha, valor) VALUES ('2023-05-11', 0);
INSERT INTO ventaEntrada (idVenta, esMenor) VALUES (1, true);
INSERT INTO venta (fecha, valor) VALUES ('2023-05-10', 350);
INSERT INTO ventaEntrada (idVenta, esMenor) VALUES (2, false);
INSERT INTO venta (fecha, valor) VALUES ('2023-05-09', 0);
INSERT INTO ventaEntrada (idVenta, esMenor) VALUES (3, true);
INSERT INTO venta (fecha, valor) VALUES ('2023-05-08', 350);
INSERT INTO ventaEntrada (idVenta, esMenor) VALUES (4, false);
INSERT INTO venta (fecha, valor) VALUES ('2023-05-07', 0);
INSERT INTO ventaEntrada (idVenta, esMenor) VALUES (5, true);
INSERT INTO venta (fecha, valor) VALUES ('2023-05-06', 350);
INSERT INTO ventaEntrada (idVenta, esMenor) VALUES (6, false);
INSERT INTO venta (fecha, valor) VALUES ('2023-05-05', 0);
INSERT INTO ventaEntrada (idVenta, esMenor) VALUES (7, true);
INSERT INTO venta (fecha, valor) VALUES ('2023-05-04', 350);
INSERT INTO ventaEntrada (idVenta, esMenor) VALUES (8, false);
INSERT INTO venta (fecha, valor) VALUES ('2023-05-03', 0);
INSERT INTO ventaEntrada (idVenta, esMenor) VALUES (9, true);
INSERT INTO venta (fecha, valor) VALUES ('2023-05-02', 350);
INSERT INTO ventaEntrada (idVenta, esMenor) VALUES (10, false);
INSERT INTO venta (fecha, valor) VALUES ('2023-05-01', 360);
INSERT INTO ventaArticulo (idVenta, idArticulo, cantidad) VALUES (11, 7, 2);
INSERT INTO venta (fecha, valor) VALUES ('2023-04-30', 950);
INSERT INTO ventaArticulo (idVenta, idArticulo, cantidad) VALUES (12, 5, 1);
INSERT INTO venta (fecha, valor) VALUES ('2023-04-29', 800);
INSERT INTO ventaArticulo (idVenta, idArticulo, cantidad) VALUES (13, 2, 2);
INSERT INTO venta (fecha, valor) VALUES ('2023-04-28', 950);
INSERT INTO ventaArticulo (idVenta, idArticulo, cantidad) VALUES (14, 5, 1);
INSERT INTO venta (fecha, valor) VALUES ('2023-04-27', 450);
INSERT INTO ventaArticulo (idVenta, idArticulo, cantidad) VALUES (15, 8, 1);
INSERT INTO venta (fecha, valor) VALUES ('2023-04-26', 1000);
INSERT INTO ventaArticulo (idVenta, idArticulo, cantidad) VALUES (16, 3, 5);
INSERT INTO venta (fecha, valor) VALUES ('2023-04-25', 800);
INSERT INTO ventaArticulo (idVenta, idArticulo, cantidad) VALUES (17, 2, 2);
INSERT INTO venta (fecha, valor) VALUES ('2023-04-24', 720);
INSERT INTO ventaArticulo (idVenta, idArticulo, cantidad) VALUES (18, 7, 4);
INSERT INTO venta (fecha, valor) VALUES ('2023-04-23', 2000);
INSERT INTO ventaArticulo (idVenta, idArticulo, cantidad) VALUES (19, 1, 4);
INSERT INTO venta (fecha, valor) VALUES ('2023-04-22', 950);
INSERT INTO ventaArticulo (idVenta, idArticulo, cantidad) VALUES (20, 5, 1);
INSERT INTO venta (fecha, valor) VALUES ('2023-04-21', 450);
INSERT INTO ventaArticulo (idVenta, idArticulo, cantidad) VALUES (21, 8, 1);
INSERT INTO venta (fecha, valor) VALUES ('2023-04-20', 400);
INSERT INTO ventaArticulo (idVenta, idArticulo, cantidad) VALUES (22, 3, 2);
INSERT INTO venta (fecha, valor) VALUES ('2023-04-19', 0);
INSERT INTO ventaEntrada (idVenta, esMenor) VALUES (23, true);
INSERT INTO venta (fecha, valor) VALUES ('2023-04-18', 350);
INSERT INTO ventaEntrada (idVenta, esMenor) VALUES (24, false);
INSERT INTO venta (fecha, valor) VALUES ('2023-04-17', 0);
INSERT INTO ventaEntrada (idVenta, esMenor) VALUES (25, true);
INSERT INTO venta (fecha, valor) VALUES ('2023-04-16', 350);
INSERT INTO ventaEntrada (idVenta, esMenor) VALUES (26, false);
INSERT INTO venta (fecha, valor) VALUES ('2023-04-15', 0);
INSERT INTO ventaEntrada (idVenta, esMenor) VALUES (27, true);
INSERT INTO venta (fecha, valor) VALUES ('2023-04-14', 350);
INSERT INTO ventaEntrada (idVenta, esMenor) VALUES (28, false);
INSERT INTO venta (fecha, valor) VALUES ('2023-04-13', 0);
INSERT INTO ventaEntrada (idVenta, esMenor) VALUES (29, true);
INSERT INTO venta (fecha, valor) VALUES ('2023-04-12', 350);
INSERT INTO ventaEntrada (idVenta, esMenor) VALUES (30, false);
INSERT INTO venta (fecha, valor) VALUES ('2023-04-11', 360);
INSERT INTO ventaArticulo (idVenta, idArticulo, cantidad) VALUES (31, 7, 2);
INSERT INTO venta (fecha, valor) VALUES ('2023-04-10', 2850);
INSERT INTO ventaArticulo (idVenta, idArticulo, cantidad) VALUES (32, 5, 3);
INSERT INTO venta (fecha, valor) VALUES ('2023-04-09', 950);
INSERT INTO ventaArticulo (idVenta, idArticulo, cantidad) VALUES (33, 5, 1);
INSERT INTO venta (fecha, valor) VALUES ('2023-04-08', 1800);
INSERT INTO ventaArticulo (idVenta, idArticulo, cantidad) VALUES (34, 8, 4);
INSERT INTO venta (fecha, valor) VALUES ('2023-04-07', 800);
INSERT INTO ventaArticulo (idVenta, idArticulo, cantidad) VALUES (35, 2, 2);
INSERT INTO venta (fecha, valor) VALUES ('2023-04-06', 600);
INSERT INTO ventaArticulo (idVenta, idArticulo, cantidad) VALUES (36, 3, 3);

INSERT INTO calificacion (estrellas, fecha) VALUES (2, '2023-04-30');
INSERT INTO calificacion (estrellas, fecha) VALUES (5, '2023-04-28');
INSERT INTO calificacion (estrellas, fecha) VALUES (4, '2023-04-29');
INSERT INTO calificacion (estrellas, fecha) VALUES (1, '2023-04-26');
INSERT INTO calificacion (estrellas, fecha) VALUES (3, '2023-05-02');
INSERT INTO calificacion (estrellas, fecha) VALUES (5, '2023-05-01');
INSERT INTO calificacion (estrellas, fecha) VALUES (2, '2023-04-27');
INSERT INTO calificacion (estrellas, fecha) VALUES (4, '2023-04-25');
INSERT INTO calificacion (estrellas, fecha) VALUES (3, '2023-04-26');
INSERT INTO calificacion (estrellas, fecha) VALUES (1, '2023-05-03');
INSERT INTO calificacion (estrellas, fecha) VALUES (5, '2023-05-05');
INSERT INTO calificacion (estrellas, fecha) VALUES (3, '2023-05-04');
INSERT INTO calificacion (estrellas, fecha) VALUES (4, '2023-05-07');
INSERT INTO calificacion (estrellas, fecha) VALUES (2, '2023-05-06');
INSERT INTO calificacion (estrellas, fecha) VALUES (1, '2023-05-09');
INSERT INTO calificacion (estrellas, fecha) VALUES (5, '2023-05-08');

INSERT INTO fotoVisitante (fecha, encode) VALUES ('2023-04-30', '/9j/4AAQSkZJRgABAQAAAQABAAD/4gHYSUNDX1BST0ZJTEUAAQEAAAHIAAAAAAQwAABtbnRyUkdCIFhZWiAH4AABAAEAAAAAAABhY3NwAAAAAAAAAAAAAAAAAAAAAAAAAAAAAAAAAAAAAQAA9tYAAQAAAADTLQAAAAAAAAAAAAAAAAAAAAAAAAAAAAAAAAAAAAAAAAAAAAAAAAAAAAAAAAAAAAAAAAAAAAlkZXNjAAAA8AAAACRyWFlaAAABFAAAABRnWFlaAAABKAAAABRiWFlaAAABPAAAABR3dHB0AAABUAAAABRyVFJDAAABZAAAAChnVFJDAAABZAAAAChiVFJDAAABZAAAAChjcHJ0AAABjAAAADxtbHVjAAAAAAAAAAEAAAAMZW5VUwAAAAgAAAAcAHMAUgBHAEJYWVogAAAAAAAAb6IAADj1AAADkFhZWiAAAAAAAABimQAAt4UAABjaWFlaIAAAAAAAACSgAAAPhAAAts9YWVogAAAAAAAA9tYAAQAAAADTLXBhcmEAAAAAAAQAAAACZmYAAPKnAAANWQAAE9AAAApbAAAAAAAAAABtbHVjAAAAAAAAAAEAAAAMZW5VUwAAACAAAAAcAEcAbwBvAGcAbABlACAASQBuAGMALgAgADIAMAAxADb/2wBDAAMCAgICAgMCAgIDAwMDBAYEBAQEBAgGBgUGCQgKCgkICQkKDA8MCgsOCwkJDRENDg8QEBEQCgwSExIQEw8QEBD/2wBDAQMDAwQDBAgEBAgQCwkLEBAQEBAQEBAQEBAQEBAQEBAQEBAQEBAQEBAQEBAQEBAQEBAQEBAQEBAQEBAQEBAQEBD/wAARCAAKAAoDASIAAhEBAxEB/8QAFwAAAwEAAAAAAAAAAAAAAAAAAAQGB//EAB4QAAMBAAEFAQAAAAAAAAAAAAECAwQFAAYHESEm/8QAFQEBAQAAAAAAAAAAAAAAAAAABwj/xAAnEQABAQQJBQAAAAAAAAAAAAABAhESIVEDBAUGIjEzUmFicYGx8P/aAAwDAQACEQMRAD8Aa/U8h3S6rTujTl089WLNG/PPOs257Zlui3y6kzZFz5ZScB09EHrZvFmzXyHjHtDfv1W06tPA8fa97OXpWjZ0LOzH6zEkkk/ST0bPFnjHkNd9+/xz2vp1aaNa97cRnelaMfbOzFPbMSSST9JPVFjx5OPyQwYMsc2XNNYwhFAk5TUelRVHxVAAAA+ADqMb3wqFErcoEdIdOEcRHkSdCR+1tBJmW9oZfemAf//Z');
INSERT INTO fotoVisitante (fecha, encode) VALUES ('2023-04-28', '/9j/4AAQSkZJRgABAQAAAQABAAD/4gHYSUNDX1BST0ZJTEUAAQEAAAHIAAAAAAQwAABtbnRyUkdCIFhZWiAH4AABAAEAAAAAAABhY3NwAAAAAAAAAAAAAAAAAAAAAAAAAAAAAAAAAAAAAQAA9tYAAQAAAADTLQAAAAAAAAAAAAAAAAAAAAAAAAAAAAAAAAAAAAAAAAAAAAAAAAAAAAAAAAAAAAAAAAAAAAlkZXNjAAAA8AAAACRyWFlaAAABFAAAABRnWFlaAAABKAAAABRiWFlaAAABPAAAABR3dHB0AAABUAAAABRyVFJDAAABZAAAAChnVFJDAAABZAAAAChiVFJDAAABZAAAAChjcHJ0AAABjAAAADxtbHVjAAAAAAAAAAEAAAAMZW5VUwAAAAgAAAAcAHMAUgBHAEJYWVogAAAAAAAAb6IAADj1AAADkFhZWiAAAAAAAABimQAAt4UAABjaWFlaIAAAAAAAACSgAAAPhAAAts9YWVogAAAAAAAA9tYAAQAAAADTLXBhcmEAAAAAAAQAAAACZmYAAPKnAAANWQAAE9AAAApbAAAAAAAAAABtbHVjAAAAAAAAAAEAAAAMZW5VUwAAACAAAAAcAEcAbwBvAGcAbABlACAASQBuAGMALgAgADIAMAAxADb/2wBDAAMCAgICAgMCAgIDAwMDBAYEBAQEBAgGBgUGCQgKCgkICQkKDA8MCgsOCwkJDRENDg8QEBEQCgwSExIQEw8QEBD/2wBDAQMDAwQDBAgEBAgQCwkLEBAQEBAQEBAQEBAQEBAQEBAQEBAQEBAQEBAQEBAQEBAQEBAQEBAQEBAQEBAQEBAQEBD/wAARCAAKAAoDASIAAhEBAxEB/8QAFwAAAwEAAAAAAAAAAAAAAAAAAAQGB//EAB4QAAMBAAEFAQAAAAAAAAAAAAECAwQFAAYHESEm/8QAFQEBAQAAAAAAAAAAAAAAAAAABwj/xAAnEQABAQQJBQAAAAAAAAAAAAABAhESIVEDBAUGIjEzUmFicYGx8P/aAAwDAQACEQMRAD8Aa/U8h3S6rTujTl089WLNG/PPOs257Zlui3y6kzZFz5ZScB09EHrZvFmzXyHjHtDfv1W06tPA8fa97OXpWjZ0LOzH6zEkkk/ST0bPFnjHkNd9+/xz2vp1aaNa97cRnelaMfbOzFPbMSSST9JPVFjx5OPyQwYMsc2XNNYwhFAk5TUelRVHxVAAAA+ADqMb3wqFErcoEdIdOEcRHkSdCR+1tBJmW9oZfemAf//Z');
INSERT INTO fotoVisitante (fecha, encode) VALUES ('2023-04-29', '/9j/4AAQSkZJRgABAQAAAQABAAD/4gHYSUNDX1BST0ZJTEUAAQEAAAHIAAAAAAQwAABtbnRyUkdCIFhZWiAH4AABAAEAAAAAAABhY3NwAAAAAAAAAAAAAAAAAAAAAAAAAAAAAAAAAAAAAQAA9tYAAQAAAADTLQAAAAAAAAAAAAAAAAAAAAAAAAAAAAAAAAAAAAAAAAAAAAAAAAAAAAAAAAAAAAAAAAAAAAlkZXNjAAAA8AAAACRyWFlaAAABFAAAABRnWFlaAAABKAAAABRiWFlaAAABPAAAABR3dHB0AAABUAAAABRyVFJDAAABZAAAAChnVFJDAAABZAAAAChiVFJDAAABZAAAAChjcHJ0AAABjAAAADxtbHVjAAAAAAAAAAEAAAAMZW5VUwAAAAgAAAAcAHMAUgBHAEJYWVogAAAAAAAAb6IAADj1AAADkFhZWiAAAAAAAABimQAAt4UAABjaWFlaIAAAAAAAACSgAAAPhAAAts9YWVogAAAAAAAA9tYAAQAAAADTLXBhcmEAAAAAAAQAAAACZmYAAPKnAAANWQAAE9AAAApbAAAAAAAAAABtbHVjAAAAAAAAAAEAAAAMZW5VUwAAACAAAAAcAEcAbwBvAGcAbABlACAASQBuAGMALgAgADIAMAAxADb/2wBDAAMCAgICAgMCAgIDAwMDBAYEBAQEBAgGBgUGCQgKCgkICQkKDA8MCgsOCwkJDRENDg8QEBEQCgwSExIQEw8QEBD/2wBDAQMDAwQDBAgEBAgQCwkLEBAQEBAQEBAQEBAQEBAQEBAQEBAQEBAQEBAQEBAQEBAQEBAQEBAQEBAQEBAQEBAQEBD/wAARCAAKAAoDASIAAhEBAxEB/8QAFwAAAwEAAAAAAAAAAAAAAAAAAAQGB//EAB4QAAMBAAEFAQAAAAAAAAAAAAECAwQFAAYHESEm/8QAFQEBAQAAAAAAAAAAAAAAAAAABwj/xAAnEQABAQQJBQAAAAAAAAAAAAABAhESIVEDBAUGIjEzUmFicYGx8P/aAAwDAQACEQMRAD8Aa/U8h3S6rTujTl089WLNG/PPOs257Zlui3y6kzZFz5ZScB09EHrZvFmzXyHjHtDfv1W06tPA8fa97OXpWjZ0LOzH6zEkkk/ST0bPFnjHkNd9+/xz2vp1aaNa97cRnelaMfbOzFPbMSSST9JPVFjx5OPyQwYMsc2XNNYwhFAk5TUelRVHxVAAAA+ADqMb3wqFErcoEdIdOEcRHkSdCR+1tBJmW9oZfemAf//Z');
INSERT INTO fotoVisitante (fecha, encode) VALUES ('2023-04-26', '/9j/4AAQSkZJRgABAQAAAQABAAD/4gHYSUNDX1BST0ZJTEUAAQEAAAHIAAAAAAQwAABtbnRyUkdCIFhZWiAH4AABAAEAAAAAAABhY3NwAAAAAAAAAAAAAAAAAAAAAAAAAAAAAAAAAAAAAQAA9tYAAQAAAADTLQAAAAAAAAAAAAAAAAAAAAAAAAAAAAAAAAAAAAAAAAAAAAAAAAAAAAAAAAAAAAAAAAAAAAlkZXNjAAAA8AAAACRyWFlaAAABFAAAABRnWFlaAAABKAAAABRiWFlaAAABPAAAABR3dHB0AAABUAAAABRyVFJDAAABZAAAAChnVFJDAAABZAAAAChiVFJDAAABZAAAAChjcHJ0AAABjAAAADxtbHVjAAAAAAAAAAEAAAAMZW5VUwAAAAgAAAAcAHMAUgBHAEJYWVogAAAAAAAAb6IAADj1AAADkFhZWiAAAAAAAABimQAAt4UAABjaWFlaIAAAAAAAACSgAAAPhAAAts9YWVogAAAAAAAA9tYAAQAAAADTLXBhcmEAAAAAAAQAAAACZmYAAPKnAAANWQAAE9AAAApbAAAAAAAAAABtbHVjAAAAAAAAAAEAAAAMZW5VUwAAACAAAAAcAEcAbwBvAGcAbABlACAASQBuAGMALgAgADIAMAAxADb/2wBDAAMCAgICAgMCAgIDAwMDBAYEBAQEBAgGBgUGCQgKCgkICQkKDA8MCgsOCwkJDRENDg8QEBEQCgwSExIQEw8QEBD/2wBDAQMDAwQDBAgEBAgQCwkLEBAQEBAQEBAQEBAQEBAQEBAQEBAQEBAQEBAQEBAQEBAQEBAQEBAQEBAQEBAQEBAQEBD/wAARCAAKAAoDASIAAhEBAxEB/8QAFwAAAwEAAAAAAAAAAAAAAAAAAAQGB//EAB4QAAMBAAEFAQAAAAAAAAAAAAECAwQFAAYHESEm/8QAFQEBAQAAAAAAAAAAAAAAAAAABwj/xAAnEQABAQQJBQAAAAAAAAAAAAABAhESIVEDBAUGIjEzUmFicYGx8P/aAAwDAQACEQMRAD8Aa/U8h3S6rTujTl089WLNG/PPOs257Zlui3y6kzZFz5ZScB09EHrZvFmzXyHjHtDfv1W06tPA8fa97OXpWjZ0LOzH6zEkkk/ST0bPFnjHkNd9+/xz2vp1aaNa97cRnelaMfbOzFPbMSSST9JPVFjx5OPyQwYMsc2XNNYwhFAk5TUelRVHxVAAAA+ADqMb3wqFErcoEdIdOEcRHkSdCR+1tBJmW9oZfemAf//Z');
INSERT INTO fotoVisitante (fecha, encode) VALUES ('2023-05-02', '/9j/4AAQSkZJRgABAQAAAQABAAD/4gHYSUNDX1BST0ZJTEUAAQEAAAHIAAAAAAQwAABtbnRyUkdCIFhZWiAH4AABAAEAAAAAAABhY3NwAAAAAAAAAAAAAAAAAAAAAAAAAAAAAAAAAAAAAQAA9tYAAQAAAADTLQAAAAAAAAAAAAAAAAAAAAAAAAAAAAAAAAAAAAAAAAAAAAAAAAAAAAAAAAAAAAAAAAAAAAlkZXNjAAAA8AAAACRyWFlaAAABFAAAABRnWFlaAAABKAAAABRiWFlaAAABPAAAABR3dHB0AAABUAAAABRyVFJDAAABZAAAAChnVFJDAAABZAAAAChiVFJDAAABZAAAAChjcHJ0AAABjAAAADxtbHVjAAAAAAAAAAEAAAAMZW5VUwAAAAgAAAAcAHMAUgBHAEJYWVogAAAAAAAAb6IAADj1AAADkFhZWiAAAAAAAABimQAAt4UAABjaWFlaIAAAAAAAACSgAAAPhAAAts9YWVogAAAAAAAA9tYAAQAAAADTLXBhcmEAAAAAAAQAAAACZmYAAPKnAAANWQAAE9AAAApbAAAAAAAAAABtbHVjAAAAAAAAAAEAAAAMZW5VUwAAACAAAAAcAEcAbwBvAGcAbABlACAASQBuAGMALgAgADIAMAAxADb/2wBDAAMCAgICAgMCAgIDAwMDBAYEBAQEBAgGBgUGCQgKCgkICQkKDA8MCgsOCwkJDRENDg8QEBEQCgwSExIQEw8QEBD/2wBDAQMDAwQDBAgEBAgQCwkLEBAQEBAQEBAQEBAQEBAQEBAQEBAQEBAQEBAQEBAQEBAQEBAQEBAQEBAQEBAQEBAQEBD/wAARCAAKAAoDASIAAhEBAxEB/8QAFwAAAwEAAAAAAAAAAAAAAAAAAAQGB//EAB4QAAMBAAEFAQAAAAAAAAAAAAECAwQFAAYHESEm/8QAFQEBAQAAAAAAAAAAAAAAAAAABwj/xAAnEQABAQQJBQAAAAAAAAAAAAABAhESIVEDBAUGIjEzUmFicYGx8P/aAAwDAQACEQMRAD8Aa/U8h3S6rTujTl089WLNG/PPOs257Zlui3y6kzZFz5ZScB09EHrZvFmzXyHjHtDfv1W06tPA8fa97OXpWjZ0LOzH6zEkkk/ST0bPFnjHkNd9+/xz2vp1aaNa97cRnelaMfbOzFPbMSSST9JPVFjx5OPyQwYMsc2XNNYwhFAk5TUelRVHxVAAAA+ADqMb3wqFErcoEdIdOEcRHkSdCR+1tBJmW9oZfemAf//Z');
INSERT INTO fotoVisitante (fecha, encode) VALUES ('2023-05-01', '/9j/4AAQSkZJRgABAQAAAQABAAD/4gHYSUNDX1BST0ZJTEUAAQEAAAHIAAAAAAQwAABtbnRyUkdCIFhZWiAH4AABAAEAAAAAAABhY3NwAAAAAAAAAAAAAAAAAAAAAAAAAAAAAAAAAAAAAQAA9tYAAQAAAADTLQAAAAAAAAAAAAAAAAAAAAAAAAAAAAAAAAAAAAAAAAAAAAAAAAAAAAAAAAAAAAAAAAAAAAlkZXNjAAAA8AAAACRyWFlaAAABFAAAABRnWFlaAAABKAAAABRiWFlaAAABPAAAABR3dHB0AAABUAAAABRyVFJDAAABZAAAAChnVFJDAAABZAAAAChiVFJDAAABZAAAAChjcHJ0AAABjAAAADxtbHVjAAAAAAAAAAEAAAAMZW5VUwAAAAgAAAAcAHMAUgBHAEJYWVogAAAAAAAAb6IAADj1AAADkFhZWiAAAAAAAABimQAAt4UAABjaWFlaIAAAAAAAACSgAAAPhAAAts9YWVogAAAAAAAA9tYAAQAAAADTLXBhcmEAAAAAAAQAAAACZmYAAPKnAAANWQAAE9AAAApbAAAAAAAAAABtbHVjAAAAAAAAAAEAAAAMZW5VUwAAACAAAAAcAEcAbwBvAGcAbABlACAASQBuAGMALgAgADIAMAAxADb/2wBDAAMCAgICAgMCAgIDAwMDBAYEBAQEBAgGBgUGCQgKCgkICQkKDA8MCgsOCwkJDRENDg8QEBEQCgwSExIQEw8QEBD/2wBDAQMDAwQDBAgEBAgQCwkLEBAQEBAQEBAQEBAQEBAQEBAQEBAQEBAQEBAQEBAQEBAQEBAQEBAQEBAQEBAQEBAQEBD/wAARCAAKAAoDASIAAhEBAxEB/8QAFwAAAwEAAAAAAAAAAAAAAAAAAAQGB//EAB4QAAMBAAEFAQAAAAAAAAAAAAECAwQFAAYHESEm/8QAFQEBAQAAAAAAAAAAAAAAAAAABwj/xAAnEQABAQQJBQAAAAAAAAAAAAABAhESIVEDBAUGIjEzUmFicYGx8P/aAAwDAQACEQMRAD8Aa/U8h3S6rTujTl089WLNG/PPOs257Zlui3y6kzZFz5ZScB09EHrZvFmzXyHjHtDfv1W06tPA8fa97OXpWjZ0LOzH6zEkkk/ST0bPFnjHkNd9+/xz2vp1aaNa97cRnelaMfbOzFPbMSSST9JPVFjx5OPyQwYMsc2XNNYwhFAk5TUelRVHxVAAAA+ADqMb3wqFErcoEdIdOEcRHkSdCR+1tBJmW9oZfemAf//Z');
INSERT INTO fotoVisitante (fecha, encode) VALUES ('2023-04-27', '/9j/4AAQSkZJRgABAQAAAQABAAD/4gHYSUNDX1BST0ZJTEUAAQEAAAHIAAAAAAQwAABtbnRyUkdCIFhZWiAH4AABAAEAAAAAAABhY3NwAAAAAAAAAAAAAAAAAAAAAAAAAAAAAAAAAAAAAQAA9tYAAQAAAADTLQAAAAAAAAAAAAAAAAAAAAAAAAAAAAAAAAAAAAAAAAAAAAAAAAAAAAAAAAAAAAAAAAAAAAlkZXNjAAAA8AAAACRyWFlaAAABFAAAABRnWFlaAAABKAAAABRiWFlaAAABPAAAABR3dHB0AAABUAAAABRyVFJDAAABZAAAAChnVFJDAAABZAAAAChiVFJDAAABZAAAAChjcHJ0AAABjAAAADxtbHVjAAAAAAAAAAEAAAAMZW5VUwAAAAgAAAAcAHMAUgBHAEJYWVogAAAAAAAAb6IAADj1AAADkFhZWiAAAAAAAABimQAAt4UAABjaWFlaIAAAAAAAACSgAAAPhAAAts9YWVogAAAAAAAA9tYAAQAAAADTLXBhcmEAAAAAAAQAAAACZmYAAPKnAAANWQAAE9AAAApbAAAAAAAAAABtbHVjAAAAAAAAAAEAAAAMZW5VUwAAACAAAAAcAEcAbwBvAGcAbABlACAASQBuAGMALgAgADIAMAAxADb/2wBDAAMCAgICAgMCAgIDAwMDBAYEBAQEBAgGBgUGCQgKCgkICQkKDA8MCgsOCwkJDRENDg8QEBEQCgwSExIQEw8QEBD/2wBDAQMDAwQDBAgEBAgQCwkLEBAQEBAQEBAQEBAQEBAQEBAQEBAQEBAQEBAQEBAQEBAQEBAQEBAQEBAQEBAQEBAQEBD/wAARCAAKAAoDASIAAhEBAxEB/8QAFwAAAwEAAAAAAAAAAAAAAAAAAAQGB//EAB4QAAMBAAEFAQAAAAAAAAAAAAECAwQFAAYHESEm/8QAFQEBAQAAAAAAAAAAAAAAAAAABwj/xAAnEQABAQQJBQAAAAAAAAAAAAABAhESIVEDBAUGIjEzUmFicYGx8P/aAAwDAQACEQMRAD8Aa/U8h3S6rTujTl089WLNG/PPOs257Zlui3y6kzZFz5ZScB09EHrZvFmzXyHjHtDfv1W06tPA8fa97OXpWjZ0LOzH6zEkkk/ST0bPFnjHkNd9+/xz2vp1aaNa97cRnelaMfbOzFPbMSSST9JPVFjx5OPyQwYMsc2XNNYwhFAk5TUelRVHxVAAAA+ADqMb3wqFErcoEdIdOEcRHkSdCR+1tBJmW9oZfemAf//Z');
INSERT INTO fotoVisitante (fecha, encode) VALUES ('2023-04-25', '/9j/4AAQSkZJRgABAQAAAQABAAD/4gHYSUNDX1BST0ZJTEUAAQEAAAHIAAAAAAQwAABtbnRyUkdCIFhZWiAH4AABAAEAAAAAAABhY3NwAAAAAAAAAAAAAAAAAAAAAAAAAAAAAAAAAAAAAQAA9tYAAQAAAADTLQAAAAAAAAAAAAAAAAAAAAAAAAAAAAAAAAAAAAAAAAAAAAAAAAAAAAAAAAAAAAAAAAAAAAlkZXNjAAAA8AAAACRyWFlaAAABFAAAABRnWFlaAAABKAAAABRiWFlaAAABPAAAABR3dHB0AAABUAAAABRyVFJDAAABZAAAAChnVFJDAAABZAAAAChiVFJDAAABZAAAAChjcHJ0AAABjAAAADxtbHVjAAAAAAAAAAEAAAAMZW5VUwAAAAgAAAAcAHMAUgBHAEJYWVogAAAAAAAAb6IAADj1AAADkFhZWiAAAAAAAABimQAAt4UAABjaWFlaIAAAAAAAACSgAAAPhAAAts9YWVogAAAAAAAA9tYAAQAAAADTLXBhcmEAAAAAAAQAAAACZmYAAPKnAAANWQAAE9AAAApbAAAAAAAAAABtbHVjAAAAAAAAAAEAAAAMZW5VUwAAACAAAAAcAEcAbwBvAGcAbABlACAASQBuAGMALgAgADIAMAAxADb/2wBDAAMCAgICAgMCAgIDAwMDBAYEBAQEBAgGBgUGCQgKCgkICQkKDA8MCgsOCwkJDRENDg8QEBEQCgwSExIQEw8QEBD/2wBDAQMDAwQDBAgEBAgQCwkLEBAQEBAQEBAQEBAQEBAQEBAQEBAQEBAQEBAQEBAQEBAQEBAQEBAQEBAQEBAQEBAQEBD/wAARCAAKAAoDASIAAhEBAxEB/8QAFwAAAwEAAAAAAAAAAAAAAAAAAAQGB//EAB4QAAMBAAEFAQAAAAAAAAAAAAECAwQFAAYHESEm/8QAFQEBAQAAAAAAAAAAAAAAAAAABwj/xAAnEQABAQQJBQAAAAAAAAAAAAABAhESIVEDBAUGIjEzUmFicYGx8P/aAAwDAQACEQMRAD8Aa/U8h3S6rTujTl089WLNG/PPOs257Zlui3y6kzZFz5ZScB09EHrZvFmzXyHjHtDfv1W06tPA8fa97OXpWjZ0LOzH6zEkkk/ST0bPFnjHkNd9+/xz2vp1aaNa97cRnelaMfbOzFPbMSSST9JPVFjx5OPyQwYMsc2XNNYwhFAk5TUelRVHxVAAAA+ADqMb3wqFErcoEdIdOEcRHkSdCR+1tBJmW9oZfemAf//Z');
INSERT INTO fotoVisitante (fecha, encode) VALUES ('2023-04-26', '/9j/4AAQSkZJRgABAQAAAQABAAD/4gHYSUNDX1BST0ZJTEUAAQEAAAHIAAAAAAQwAABtbnRyUkdCIFhZWiAH4AABAAEAAAAAAABhY3NwAAAAAAAAAAAAAAAAAAAAAAAAAAAAAAAAAAAAAQAA9tYAAQAAAADTLQAAAAAAAAAAAAAAAAAAAAAAAAAAAAAAAAAAAAAAAAAAAAAAAAAAAAAAAAAAAAAAAAAAAAlkZXNjAAAA8AAAACRyWFlaAAABFAAAABRnWFlaAAABKAAAABRiWFlaAAABPAAAABR3dHB0AAABUAAAABRyVFJDAAABZAAAAChnVFJDAAABZAAAAChiVFJDAAABZAAAAChjcHJ0AAABjAAAADxtbHVjAAAAAAAAAAEAAAAMZW5VUwAAAAgAAAAcAHMAUgBHAEJYWVogAAAAAAAAb6IAADj1AAADkFhZWiAAAAAAAABimQAAt4UAABjaWFlaIAAAAAAAACSgAAAPhAAAts9YWVogAAAAAAAA9tYAAQAAAADTLXBhcmEAAAAAAAQAAAACZmYAAPKnAAANWQAAE9AAAApbAAAAAAAAAABtbHVjAAAAAAAAAAEAAAAMZW5VUwAAACAAAAAcAEcAbwBvAGcAbABlACAASQBuAGMALgAgADIAMAAxADb/2wBDAAMCAgICAgMCAgIDAwMDBAYEBAQEBAgGBgUGCQgKCgkICQkKDA8MCgsOCwkJDRENDg8QEBEQCgwSExIQEw8QEBD/2wBDAQMDAwQDBAgEBAgQCwkLEBAQEBAQEBAQEBAQEBAQEBAQEBAQEBAQEBAQEBAQEBAQEBAQEBAQEBAQEBAQEBAQEBD/wAARCAAKAAoDASIAAhEBAxEB/8QAFwAAAwEAAAAAAAAAAAAAAAAAAAQGB//EAB4QAAMBAAEFAQAAAAAAAAAAAAECAwQFAAYHESEm/8QAFQEBAQAAAAAAAAAAAAAAAAAABwj/xAAnEQABAQQJBQAAAAAAAAAAAAABAhESIVEDBAUGIjEzUmFicYGx8P/aAAwDAQACEQMRAD8Aa/U8h3S6rTujTl089WLNG/PPOs257Zlui3y6kzZFz5ZScB09EHrZvFmzXyHjHtDfv1W06tPA8fa97OXpWjZ0LOzH6zEkkk/ST0bPFnjHkNd9+/xz2vp1aaNa97cRnelaMfbOzFPbMSSST9JPVFjx5OPyQwYMsc2XNNYwhFAk5TUelRVHxVAAAA+ADqMb3wqFErcoEdIdOEcRHkSdCR+1tBJmW9oZfemAf//Z');
INSERT INTO fotoVisitante (fecha, encode) VALUES ('2023-05-03', '/9j/4AAQSkZJRgABAQAAAQABAAD/4gHYSUNDX1BST0ZJTEUAAQEAAAHIAAAAAAQwAABtbnRyUkdCIFhZWiAH4AABAAEAAAAAAABhY3NwAAAAAAAAAAAAAAAAAAAAAAAAAAAAAAAAAAAAAQAA9tYAAQAAAADTLQAAAAAAAAAAAAAAAAAAAAAAAAAAAAAAAAAAAAAAAAAAAAAAAAAAAAAAAAAAAAAAAAAAAAlkZXNjAAAA8AAAACRyWFlaAAABFAAAABRnWFlaAAABKAAAABRiWFlaAAABPAAAABR3dHB0AAABUAAAABRyVFJDAAABZAAAAChnVFJDAAABZAAAAChiVFJDAAABZAAAAChjcHJ0AAABjAAAADxtbHVjAAAAAAAAAAEAAAAMZW5VUwAAAAgAAAAcAHMAUgBHAEJYWVogAAAAAAAAb6IAADj1AAADkFhZWiAAAAAAAABimQAAt4UAABjaWFlaIAAAAAAAACSgAAAPhAAAts9YWVogAAAAAAAA9tYAAQAAAADTLXBhcmEAAAAAAAQAAAACZmYAAPKnAAANWQAAE9AAAApbAAAAAAAAAABtbHVjAAAAAAAAAAEAAAAMZW5VUwAAACAAAAAcAEcAbwBvAGcAbABlACAASQBuAGMALgAgADIAMAAxADb/2wBDAAMCAgICAgMCAgIDAwMDBAYEBAQEBAgGBgUGCQgKCgkICQkKDA8MCgsOCwkJDRENDg8QEBEQCgwSExIQEw8QEBD/2wBDAQMDAwQDBAgEBAgQCwkLEBAQEBAQEBAQEBAQEBAQEBAQEBAQEBAQEBAQEBAQEBAQEBAQEBAQEBAQEBAQEBAQEBD/wAARCAAKAAoDASIAAhEBAxEB/8QAFwAAAwEAAAAAAAAAAAAAAAAAAAQGB//EAB4QAAMBAAEFAQAAAAAAAAAAAAECAwQFAAYHESEm/8QAFQEBAQAAAAAAAAAAAAAAAAAABwj/xAAnEQABAQQJBQAAAAAAAAAAAAABAhESIVEDBAUGIjEzUmFicYGx8P/aAAwDAQACEQMRAD8Aa/U8h3S6rTujTl089WLNG/PPOs257Zlui3y6kzZFz5ZScB09EHrZvFmzXyHjHtDfv1W06tPA8fa97OXpWjZ0LOzH6zEkkk/ST0bPFnjHkNd9+/xz2vp1aaNa97cRnelaMfbOzFPbMSSST9JPVFjx5OPyQwYMsc2XNNYwhFAk5TUelRVHxVAAAA+ADqMb3wqFErcoEdIdOEcRHkSdCR+1tBJmW9oZfemAf//Z');
INSERT INTO fotoVisitante (fecha, encode) VALUES ('2023-05-05', '/9j/4AAQSkZJRgABAQAAAQABAAD/4gHYSUNDX1BST0ZJTEUAAQEAAAHIAAAAAAQwAABtbnRyUkdCIFhZWiAH4AABAAEAAAAAAABhY3NwAAAAAAAAAAAAAAAAAAAAAAAAAAAAAAAAAAAAAQAA9tYAAQAAAADTLQAAAAAAAAAAAAAAAAAAAAAAAAAAAAAAAAAAAAAAAAAAAAAAAAAAAAAAAAAAAAAAAAAAAAlkZXNjAAAA8AAAACRyWFlaAAABFAAAABRnWFlaAAABKAAAABRiWFlaAAABPAAAABR3dHB0AAABUAAAABRyVFJDAAABZAAAAChnVFJDAAABZAAAAChiVFJDAAABZAAAAChjcHJ0AAABjAAAADxtbHVjAAAAAAAAAAEAAAAMZW5VUwAAAAgAAAAcAHMAUgBHAEJYWVogAAAAAAAAb6IAADj1AAADkFhZWiAAAAAAAABimQAAt4UAABjaWFlaIAAAAAAAACSgAAAPhAAAts9YWVogAAAAAAAA9tYAAQAAAADTLXBhcmEAAAAAAAQAAAACZmYAAPKnAAANWQAAE9AAAApbAAAAAAAAAABtbHVjAAAAAAAAAAEAAAAMZW5VUwAAACAAAAAcAEcAbwBvAGcAbABlACAASQBuAGMALgAgADIAMAAxADb/2wBDAAMCAgICAgMCAgIDAwMDBAYEBAQEBAgGBgUGCQgKCgkICQkKDA8MCgsOCwkJDRENDg8QEBEQCgwSExIQEw8QEBD/2wBDAQMDAwQDBAgEBAgQCwkLEBAQEBAQEBAQEBAQEBAQEBAQEBAQEBAQEBAQEBAQEBAQEBAQEBAQEBAQEBAQEBAQEBD/wAARCAAKAAoDASIAAhEBAxEB/8QAFwAAAwEAAAAAAAAAAAAAAAAAAAQGB//EAB4QAAMBAAEFAQAAAAAAAAAAAAECAwQFAAYHESEm/8QAFQEBAQAAAAAAAAAAAAAAAAAABwj/xAAnEQABAQQJBQAAAAAAAAAAAAABAhESIVEDBAUGIjEzUmFicYGx8P/aAAwDAQACEQMRAD8Aa/U8h3S6rTujTl089WLNG/PPOs257Zlui3y6kzZFz5ZScB09EHrZvFmzXyHjHtDfv1W06tPA8fa97OXpWjZ0LOzH6zEkkk/ST0bPFnjHkNd9+/xz2vp1aaNa97cRnelaMfbOzFPbMSSST9JPVFjx5OPyQwYMsc2XNNYwhFAk5TUelRVHxVAAAA+ADqMb3wqFErcoEdIdOEcRHkSdCR+1tBJmW9oZfemAf//Z');
INSERT INTO fotoVisitante (fecha, encode) VALUES ('2023-05-04', '/9j/4AAQSkZJRgABAQAAAQABAAD/4gHYSUNDX1BST0ZJTEUAAQEAAAHIAAAAAAQwAABtbnRyUkdCIFhZWiAH4AABAAEAAAAAAABhY3NwAAAAAAAAAAAAAAAAAAAAAAAAAAAAAAAAAAAAAQAA9tYAAQAAAADTLQAAAAAAAAAAAAAAAAAAAAAAAAAAAAAAAAAAAAAAAAAAAAAAAAAAAAAAAAAAAAAAAAAAAAlkZXNjAAAA8AAAACRyWFlaAAABFAAAABRnWFlaAAABKAAAABRiWFlaAAABPAAAABR3dHB0AAABUAAAABRyVFJDAAABZAAAAChnVFJDAAABZAAAAChiVFJDAAABZAAAAChjcHJ0AAABjAAAADxtbHVjAAAAAAAAAAEAAAAMZW5VUwAAAAgAAAAcAHMAUgBHAEJYWVogAAAAAAAAb6IAADj1AAADkFhZWiAAAAAAAABimQAAt4UAABjaWFlaIAAAAAAAACSgAAAPhAAAts9YWVogAAAAAAAA9tYAAQAAAADTLXBhcmEAAAAAAAQAAAACZmYAAPKnAAANWQAAE9AAAApbAAAAAAAAAABtbHVjAAAAAAAAAAEAAAAMZW5VUwAAACAAAAAcAEcAbwBvAGcAbABlACAASQBuAGMALgAgADIAMAAxADb/2wBDAAMCAgICAgMCAgIDAwMDBAYEBAQEBAgGBgUGCQgKCgkICQkKDA8MCgsOCwkJDRENDg8QEBEQCgwSExIQEw8QEBD/2wBDAQMDAwQDBAgEBAgQCwkLEBAQEBAQEBAQEBAQEBAQEBAQEBAQEBAQEBAQEBAQEBAQEBAQEBAQEBAQEBAQEBAQEBD/wAARCAAKAAoDASIAAhEBAxEB/8QAFwAAAwEAAAAAAAAAAAAAAAAAAAQGB//EAB4QAAMBAAEFAQAAAAAAAAAAAAECAwQFAAYHESEm/8QAFQEBAQAAAAAAAAAAAAAAAAAABwj/xAAnEQABAQQJBQAAAAAAAAAAAAABAhESIVEDBAUGIjEzUmFicYGx8P/aAAwDAQACEQMRAD8Aa/U8h3S6rTujTl089WLNG/PPOs257Zlui3y6kzZFz5ZScB09EHrZvFmzXyHjHtDfv1W06tPA8fa97OXpWjZ0LOzH6zEkkk/ST0bPFnjHkNd9+/xz2vp1aaNa97cRnelaMfbOzFPbMSSST9JPVFjx5OPyQwYMsc2XNNYwhFAk5TUelRVHxVAAAA+ADqMb3wqFErcoEdIdOEcRHkSdCR+1tBJmW9oZfemAf//Z');
INSERT INTO fotoVisitante (fecha, encode) VALUES ('2023-05-07', '/9j/4AAQSkZJRgABAQAAAQABAAD/4gHYSUNDX1BST0ZJTEUAAQEAAAHIAAAAAAQwAABtbnRyUkdCIFhZWiAH4AABAAEAAAAAAABhY3NwAAAAAAAAAAAAAAAAAAAAAAAAAAAAAAAAAAAAAQAA9tYAAQAAAADTLQAAAAAAAAAAAAAAAAAAAAAAAAAAAAAAAAAAAAAAAAAAAAAAAAAAAAAAAAAAAAAAAAAAAAlkZXNjAAAA8AAAACRyWFlaAAABFAAAABRnWFlaAAABKAAAABRiWFlaAAABPAAAABR3dHB0AAABUAAAABRyVFJDAAABZAAAAChnVFJDAAABZAAAAChiVFJDAAABZAAAAChjcHJ0AAABjAAAADxtbHVjAAAAAAAAAAEAAAAMZW5VUwAAAAgAAAAcAHMAUgBHAEJYWVogAAAAAAAAb6IAADj1AAADkFhZWiAAAAAAAABimQAAt4UAABjaWFlaIAAAAAAAACSgAAAPhAAAts9YWVogAAAAAAAA9tYAAQAAAADTLXBhcmEAAAAAAAQAAAACZmYAAPKnAAANWQAAE9AAAApbAAAAAAAAAABtbHVjAAAAAAAAAAEAAAAMZW5VUwAAACAAAAAcAEcAbwBvAGcAbABlACAASQBuAGMALgAgADIAMAAxADb/2wBDAAMCAgICAgMCAgIDAwMDBAYEBAQEBAgGBgUGCQgKCgkICQkKDA8MCgsOCwkJDRENDg8QEBEQCgwSExIQEw8QEBD/2wBDAQMDAwQDBAgEBAgQCwkLEBAQEBAQEBAQEBAQEBAQEBAQEBAQEBAQEBAQEBAQEBAQEBAQEBAQEBAQEBAQEBAQEBD/wAARCAAKAAoDASIAAhEBAxEB/8QAFwAAAwEAAAAAAAAAAAAAAAAAAAQGB//EAB4QAAMBAAEFAQAAAAAAAAAAAAECAwQFAAYHESEm/8QAFQEBAQAAAAAAAAAAAAAAAAAABwj/xAAnEQABAQQJBQAAAAAAAAAAAAABAhESIVEDBAUGIjEzUmFicYGx8P/aAAwDAQACEQMRAD8Aa/U8h3S6rTujTl089WLNG/PPOs257Zlui3y6kzZFz5ZScB09EHrZvFmzXyHjHtDfv1W06tPA8fa97OXpWjZ0LOzH6zEkkk/ST0bPFnjHkNd9+/xz2vp1aaNa97cRnelaMfbOzFPbMSSST9JPVFjx5OPyQwYMsc2XNNYwhFAk5TUelRVHxVAAAA+ADqMb3wqFErcoEdIdOEcRHkSdCR+1tBJmW9oZfemAf//Z');
INSERT INTO fotoVisitante (fecha, encode) VALUES ('2023-05-06', '/9j/4AAQSkZJRgABAQAAAQABAAD/4gHYSUNDX1BST0ZJTEUAAQEAAAHIAAAAAAQwAABtbnRyUkdCIFhZWiAH4AABAAEAAAAAAABhY3NwAAAAAAAAAAAAAAAAAAAAAAAAAAAAAAAAAAAAAQAA9tYAAQAAAADTLQAAAAAAAAAAAAAAAAAAAAAAAAAAAAAAAAAAAAAAAAAAAAAAAAAAAAAAAAAAAAAAAAAAAAlkZXNjAAAA8AAAACRyWFlaAAABFAAAABRnWFlaAAABKAAAABRiWFlaAAABPAAAABR3dHB0AAABUAAAABRyVFJDAAABZAAAAChnVFJDAAABZAAAAChiVFJDAAABZAAAAChjcHJ0AAABjAAAADxtbHVjAAAAAAAAAAEAAAAMZW5VUwAAAAgAAAAcAHMAUgBHAEJYWVogAAAAAAAAb6IAADj1AAADkFhZWiAAAAAAAABimQAAt4UAABjaWFlaIAAAAAAAACSgAAAPhAAAts9YWVogAAAAAAAA9tYAAQAAAADTLXBhcmEAAAAAAAQAAAACZmYAAPKnAAANWQAAE9AAAApbAAAAAAAAAABtbHVjAAAAAAAAAAEAAAAMZW5VUwAAACAAAAAcAEcAbwBvAGcAbABlACAASQBuAGMALgAgADIAMAAxADb/2wBDAAMCAgICAgMCAgIDAwMDBAYEBAQEBAgGBgUGCQgKCgkICQkKDA8MCgsOCwkJDRENDg8QEBEQCgwSExIQEw8QEBD/2wBDAQMDAwQDBAgEBAgQCwkLEBAQEBAQEBAQEBAQEBAQEBAQEBAQEBAQEBAQEBAQEBAQEBAQEBAQEBAQEBAQEBAQEBD/wAARCAAKAAoDASIAAhEBAxEB/8QAFwAAAwEAAAAAAAAAAAAAAAAAAAQGB//EAB4QAAMBAAEFAQAAAAAAAAAAAAECAwQFAAYHESEm/8QAFQEBAQAAAAAAAAAAAAAAAAAABwj/xAAnEQABAQQJBQAAAAAAAAAAAAABAhESIVEDBAUGIjEzUmFicYGx8P/aAAwDAQACEQMRAD8Aa/U8h3S6rTujTl089WLNG/PPOs257Zlui3y6kzZFz5ZScB09EHrZvFmzXyHjHtDfv1W06tPA8fa97OXpWjZ0LOzH6zEkkk/ST0bPFnjHkNd9+/xz2vp1aaNa97cRnelaMfbOzFPbMSSST9JPVFjx5OPyQwYMsc2XNNYwhFAk5TUelRVHxVAAAA+ADqMb3wqFErcoEdIdOEcRHkSdCR+1tBJmW9oZfemAf//Z');